,year,season,co2avg
0,2006,q1,127.015
1,2006,q2,50.97777778
2,2007,q1,79.31233333
3,2007,q2,34.94266667
4,2008,q1,83.22666667
5,2008,q2,27.36809524
6,2009,q1,75.56305556
7,2009,q2,31.44611111
8,2010,q1,59.47909091
9,2010,q2,72.83
