,year,season,co2avg
0,2006,q1,139.5694444
1,2006,q2,76.5
2,2007,q1,108.169
3,2007,q2,50.80333333
4,2008,q1,122.3840909
5,2008,q2,46.78853659
6,2009,q1,106.923871
7,2009,q2,31.59609756
8,2010,q1,76.51129032
9,2010,q2,75.825
