,year,season,Nminavg
0,2006.0,q1,31.83117647058823
1,2006.0,q2,13.86
2,2007.0,q1,15.714333333333332
3,2007.0,q2,2.5907142857142857
4,2008.0,q1,12.439655172413794
5,2008.0,q2,5.342631578947369
6,2009.0,q1,9.56
7,2009.0,q2,0.3557142857142857
