,year,season,Nminavg
0,2006.0,q1,36.035000000000004
1,2006.0,q2,17.861666666666668
2,2007.0,q1,27.68466666666667
3,2007.0,q2,5.142666666666667
4,2008.0,q1,15.522
5,2008.0,q2,8.229565217391302
6,2009.0,q1,13.72166666666667
7,2009.0,q2,0.302941176470588
