,year,season,Nminavg
0,2006,q1,36.095
1,2006,q2,18.712
2,2007,q1,16.81655172413793
3,2007,q2,6.177058823529413
4,2008,q1,15.787
5,2008,q2,6.4769565217391305
6,2009,q1,10.748333333333333
7,2009,q2,1.1241176470588234
