,year,season,Nminavg
0,2006.0,q1,34.626875
1,2006.0,q2,4.226666666666667
2,2007.0,q1,11.807307692307692
3,2007.0,q2,2.3706666666666667
4,2008.0,q1,9.300303030303033
5,2008.0,q2,0.7371428571428568
6,2009.0,q1,7.925
7,2009.0,q2,-1.0728571428571427
