,year,season,co2avg
0,2006,q1,118.1088235
1,2006,q2,58.28333333
2,2007,q1,89.33266667
3,2007,q2,44.10740741
4,2008,q1,107.1940909
5,2008,q2,34.14658537
6,2009,q1,88.02225
7,2009,q2,30.41513514
8,2010,q1,68.19777778
9,2010,q2,67.602
